season,yr,mnth,hr,holiday,weekday,workingday,weathersit,temp,atemp,hum,windspeed,year,month,dayofweek,cnt
1,0,1,0,0,6,0,1,0.24,0.2879,0.81,0.0,2011,1,5,2.833213344056216
1,0,1,1,0,6,0,1,0.22,0.2727,0.8,0.0,2011,1,5,3.713572066704308
1,0,1,14,0,6,0,2,0.46,0.4545,0.72,0.2836,2011,1,5,4.672828834461906
1,0,33,20,0,0,0,1,0.3,0.2727,0.39,0.3582,2011,1,6,3.1354942159291497
1,0,1,21,0,0,0,1,0.26,0.2273,0.44,0.3284,2011,1,6,3.4657359027997265
1,0,1,4,0,1,1,1,0.16,0.1515,0.47,0.3881,2011,1,0,0.6931471805599453
1,0,1,6,0,2,1,1,0.88,0.1515,0.74,0.1045,2011,1,1,3.6109179126442243
1,0,1,2,0,4,1,1,0.16,0.2273,0.64,0.0,2011,1,3,1.0986122886681098
1,0,1,7,0,4,1,2,0.16,0.2273,0.59,0.0,2011,1,3,4.564348191467836
1,0,1,20,0,5,1,1,0.18,0.2121,0.47,0.1045,2011,1,4,3.9512437185814275
1,0,1,13,0,1,1,2,0.2,0.1818,0.4,0.2836,2011,1,0,4.007333185232471
1,0,1,6,0,2,1,2,0.16,0.1818,0.55,0.1343,2011,1,1,3.332204510175204
1,0,1,7,0,0,0,2,0.24,0.2121,0.56,0.2985,2011,1,6,1.3862943611198906
1,0,1,21,0,0,0,1,0.18,0.197,0.51,0.1642,2011,1,6,3.367295829986474
1,0,1,8,1,1,0,2,0.16,0.1515,0.47,0.2239,2011,1,0,3.5263605246161616
1,0,1,17,0,2,1,2,0.22,0.2273,0.82,0.194,2011,1,1,4.836281906951478
1,0,1,20,0,2,1,2,0.22,0.2727,0.87,0.0,2011,1,1,4.430816798843313
1,0,1,22,0,0,0,1,0.14,0.1515,0.38,0.194,2011,1,6,3.367295829986474
1,0,1,15,0,1,1,1,0.16,0.1667,0.4,0.1642,2011,1,0,4.060443010546419
1,0,1,6,0,2,1,1,0.16,0.1818,0.74,0.1045,2011,1,1,3.6109179126442243
1,0,1,17,0,4,1,1,0.22,8.448566000000374,0.55,0.1045,2011,1,3,4.442651256490317
1,0,1,7,0,5,1,2,0.16,0.197,0.86,0.0896,2011,1,4,4.110873864173311
1,0,1,2,0,6,0,1,0.22,0.2273,0.64,0.1642,2011,1,5,2.772588722239781
1,0,1,7,0,0,0,1,0.14,0.2121,0.86,0.0,2011,1,6,1.3862943611198906
1,0,1,13,0,0,0,1,0.28,0.2879,0.61,0.1045,2011,1,6,4.442651256490317
1,0,1,1,0,1,1,1,0.22,0.2121,0.64,0.2537,2011,1,0,2.0794415416798357
1,0,2,18,0,2,1,2,0.24,0.2576,0.81,0.1045,2011,2,1,5.1298987149230735
1,0,2,6,0,4,1,1,0.16,0.1515,0.43,0.3582,2011,2,3,3.6888794541139363
1,0,2,18,0,5,1,2,0.24,0.2576,0.6,0.1045,2011,2,4,5.049856007249537
1,0,2,7,0,6,0,3,0.22,0.2576,0.93,0.0896,2011,2,5,1.6094379124341003
1,0,2,15,0,6,0,3,0.88,0.2727,1.0,0.0,2011,2,5,4.110873864173311
1,0,2,21,0,6,0,1,0.26,0.2576,1.0,0.194,2011,2,5,4.04305126783455
1,0,2,1,0,0,0,1,0.26,0.2273,0.65,0.4179,2011,2,6,3.8066624897703196
1,0,2,5,0,0,0,1,0.26,0.2576,0.6,0.2239,2011,2,6,0.6931471805599453
1,0,2,18,0,0,0,1,0.3,0.303,0.56,0.1642,2011,2,6,4.3694478524670215
1,0,2,14,0,2,1,1,0.22,0.197,0.37,0.4179,2011,2,1,4.174387269895637
1,0,2,0,0,3,1,1,0.14,0.1515,0.36,0.3582,2011,2,2,2.8903717578961645
1,0,2,6,0,3,1,1,0.14,0.1515,0.45,0.0,2011,2,2,3.784189633918261
1,0,2,20,0,3,1,3,0.14,0.1515,0.86,0.1642,2011,2,2,4.442651256490317
1,0,2,0,0,4,1,3,0.14,0.1515,0.86,0.194,2011,2,3,2.833213344056216
1,0,2,0,0,5,1,1,0.14,0.1515,0.49,0.1045,2011,2,4,2.70805020110221
1,0,2,20,0,6,0,1,0.26,0.2576,0.41,0.2239,2011,2,5,3.713572066704308
1,0,2,19,0,0,0,1,0.4,0.4091,0.35,0.2836,2011,2,6,4.127134385045092
1,0,2,0,0,3,1,1,0.22,0.2576,0.41,0.0896,2011,2,2,2.772588722239781
1,0,2,11,0,5,1,1,0.44,0.4394,0.72,0.1642,2011,2,4,4.736198448394496
1,0,2,18,1,1,0,2,0.24,0.2121,0.87,0.3582,2011,2,0,4.204692619390966
1,0,2,18,0,2,1,1,0.22,0.2273,0.47,0.1343,2011,2,1,5.123963979403259
1,0,2,11,0,4,1,2,0.32,8.448566000000374,0.57,0.3881,2011,2,3,4.382026634673881
1,0,3,0,0,2,1,1,0.3,0.2727,0.7,0.4627,2011,3,1,2.0794415416798357
1,0,3,3,0,2,1,1,0.22,0.2121,0.69,0.2836,2011,3,1,1.0986122886681098
1,0,3,19,0,3,1,1,0.4,0.4091,0.28,0.5224,2011,3,2,5.017279836814924
1,0,3,18,0,4,1,1,0.24,0.2121,0.35,0.3284,2011,3,3,5.123963979403259
1,0,3,7,0,5,1,1,0.16,0.1818,0.8,0.1343,2011,3,4,4.430816798843313
1,0,3,11,0,5,1,1,0.28,0.2727,0.52,0.2239,2011,3,4,4.499809670330265
1,0,3,13,0,5,1,1,0.34,0.3182,0.42,0.2239,2011,3,4,4.477336814478207
1,0,3,3,0,6,0,2,0.3,0.2879,0.87,0.194,2011,3,5,1.0986122886681098
1,0,3,7,0,0,0,3,0.42,0.4242,1.0,0.4478,2011,3,6,1.791759469228055
1,0,3,0,0,1,1,3,0.2,0.1818,1.0,0.3284,2011,3,0,1.6094379124341003
1,0,3,9,0,1,1,1,0.22,0.1818,0.64,0.4627,2011,3,0,4.90527477843843
1,0,3,13,0,1,1,1,0.32,0.2879,0.36,0.3881,2011,3,0,4.2626798770413155
1,0,3,15,0,1,1,1,0.34,0.303,0.31,0.3881,2011,3,0,4.574710978503383
1,0,3,7,0,4,1,3,0.38,0.3939,0.23170000000000002,0.2239,2011,3,3,3.6375861597263857
1,0,3,16,0,4,1,3,0.42,0.4242,0.23170000000000002,0.2537,2011,3,3,3.091042453358316
1,0,3,9,0,5,1,2,0.3,0.2879,0.61,0.2836,2011,3,4,5.056245805348308
1,0,3,15,0,5,1,2,0.34,0.3182,0.53,0.2537,2011,3,4,4.454347296253507
1,0,3,18,0,6,0,1,0.42,0.4242,0.54,0.1642,2011,3,5,4.983606621708336
1,0,3,14,0,0,0,1,0.46,0.4545,0.41,0.2985,2011,3,6,5.5254529391317835
1,0,3,13,0,1,1,1,0.38,0.3939,0.36,0.3284,2011,3,0,4.330733340286331
1,0,3,0,0,2,1,1,0.32,0.3485,0.53,0.0,2011,3,1,2.70805020110221
1,0,3,4,0,3,1,2,0.3,8.448566000000374,0.93,0.1642,2011,3,2,0.6931471805599453
1,0,3,3,0,4,1,1,0.34,0.3333,0.66,0.1642,2011,3,3,1.0986122886681098
2,0,3,8,0,1,1,2,0.3,0.2727,0.87,0.4179,2011,3,0,4.59511985013459
2,0,3,7,0,2,1,2,0.4,0.4091,0.76,0.1045,2011,3,1,4.919980925828125
2,0,3,7,0,0,0,3,0.16,0.1667,0.86,0.1642,2011,3,6,2.0794415416798357
2,0,3,14,0,1,1,1,0.32,0.303,0.23170000000000002,0.2239,2011,3,0,4.394449154672439
2,0,3,4,0,2,1,1,0.2,0.2121,0.44,0.1642,2011,3,1,1.0986122886681098
2,0,3,8,0,2,1,1,0.24,0.2121,0.35,0.3582,2011,3,1,5.662960480135946
2,0,3,12,0,2,1,1,0.34,0.3333,0.25,0.1642,2011,3,1,4.672828834461906
2,0,3,9,0,3,1,2,0.32,0.303,0.45,0.2239,2011,3,2,5.043425116919247
2,0,3,10,0,3,1,2,0.34,0.3182,0.46,0.2239,2011,3,2,4.174387269895637
2,0,3,17,0,4,1,2,0.3,0.2879,0.87,0.2537,2011,3,3,5.1298987149230735
2,0,3,18,0,4,1,2,0.3,0.303,0.87,0.1343,2011,3,3,5.181783550292085
2,0,4,19,0,5,1,1,0.34,0.303,0.49,0.3284,2011,4,4,4.919980925828125
2,0,4,8,0,6,0,1,0.3,0.3182,0.7,0.1045,2011,4,5,4.02535169073515
2,0,4,13,0,6,0,1,0.34,0.3333,0.81,0.1343,2011,4,5,4.927253685157205
2,0,4,18,0,1,1,2,0.72,0.6364,0.23170000000000002,0.4925,2011,4,0,5.958424693029782
2,0,4,21,0,2,1,1,0.34,0.2879,0.46,0.5224,2011,4,1,4.499809670330265
2,0,4,1,0,4,1,1,0.42,0.4242,0.47,0.1343,2011,4,3,2.6390573296152584
2,0,4,5,0,5,1,2,0.32,0.3182,0.87,0.194,2011,4,4,2.302585092994046
2,0,4,1,0,0,0,2,0.38,0.3939,0.87,0.1343,2011,4,6,3.6375861597263857
2,0,4,19,0,1,301,1,0.72,0.6667,0.51,0.4478,2011,4,0,5.652489180268651
2,0,4,7,0,2,1,2,0.54,0.5152,0.68,0.2239,2011,4,1,5.247024072160486
2,0,4,18,0,2,1,3,0.44,0.4394,0.77,0.2239,2011,4,1,5.41610040220442
2,0,4,13,1,5,0,1,0.54,0.5152,0.52,0.2537,2011,4,4,5.198497031265826
2,0,4,2,0,6,0,2,0.36,0.3485,0.87,0.1343,2011,4,5,3.2188758248682006
2,0,4,0,0,0,0,2,0.44,0.4394,0.77,0.2836,2011,4,6,3.5263605246161616
2,0,4,19,0,1,1,1,0.56,0.5303,0.46,0.2537,2011,4,0,5.659482215759621
2,0,4,19,0,216,1,1,0.7,0.6364,0.32,0.2537,2011,4,2,5.950642552587727
2,0,4,5,0,4,1,2,0.42,0.4242,0.54,0.5522,2011,4,3,2.70805020110221
2,0,4,9,0,4,1,2,0.42,0.4242,0.47,0.2836,2011,4,3,5.2832037287379885
2,0,844,0,0,0,0,1,0.52,0.5,0.83,0.5770170000000012,2011,4,6,4.574710978503383
2,0,4,9,0,0,0,1,0.56,0.5303,0.88,0.2537,2011,4,6,5.181783550292085
2,0,4,18,0,4,1,1,0.64,0.6212,0.47,0.3582,2011,4,3,6.274762021241939
2,0,4,0,0,5,1,1,0.52,0.5,0.39,0.2836,2011,4,4,3.8918202981106265
2,0,4,2,0,5,1,1,0.46,0.4545,0.63,0.1045,2011,4,4,2.3978952727983707
2,0,4,6,0,5,1,1,0.5,0.4848,0.45,0.2836,2011,4,4,4.276666119016055
2,0,4,19,0,5,1,1,0.46,0.4545,0.55,0.3284,2011,4,4,9.490317840042412
2,0,4,3,0,6,0,2,0.42,0.4242,0.54,0.194,2011,4,5,2.8903717578961645
84,0,5,4,0,0,0,1,0.4,0.4091,0.76,0.1045,2011,5,6,2.8903717578961645
2,0,5,20,0,0,0,2,0.46,0.4545,0.82,0.0,2011,5,6,4.804021044733257
2,0,5,3,0,1,1,1,0.44,0.4394,0.77,0.1343,2011,5,0,2.833213344056216
2,0,5,20,0,1,1,2,0.62,0.6061,0.69,0.1343,2011,5,0,5.389071729816501
2,0,5,17,0,2,1,1,0.7,0.6515,0.54,0.4627,2011,5,1,6.249975242259483
2,0,5,20,0,2,1,1,0.66,0.6212,0.61,0.194,2011,5,1,5.673323267171493
2,0,5,8,0,3,1,3,0.34,0.303,0.93,0.3881,2011,5,2,4.382026634673881
2,0,5,11,0,3,1,1,0.4,0.4091,0.82,0.3284,2011,5,2,4.290459441148391
2,0,5,8,0,6,0,1,0.52,0.5,0.52,0.194,2011,5,5,4.7535901911063645
2,0,5,7,0,3,1,1,0.48,0.4697,0.72,0.194,2011,5,2,5.765191102784844
2,0,5,6,0,4,1,1,0.44,0.4394,0.88,0.0,2011,5,3,4.727387818712341
2,0,5,3,0,6,0,2,0.5,0.4848,0.88,0.1343,2011,5,5,3.58351893845611
2,0,5,4,0,6,0,2,0.5,0.4848,0.82,0.1642,2011,5,5,1.791759469228055
2,0,5,1,0,0,0,2,0.52,0.5,1.0,0.1045,2011,5,6,3.871201010907891
2,0,5,7,0,0,0,2,0.52,0.5,1.0,0.1343,2011,5,6,3.7612001156935624
2,0,5,18,0,0,0,1,0.56,0.5303,0.78,0.2537,2011,5,6,5.472270673671475
2,0,5,8,0,1,1,1,0.56,0.5303,0.73,0.2985,2011,5,0,5.978885764901122
2,0,5,13,0,1,1,1,0.68,0.6364,0.51,0.0,2011,5,0,5.3706380281276624
2,0,5,18,0,1,1,3,0.58,0.5455,0.83,0.194,2011,5,0,6.118097198041348
2,0,5,21,0,1,1,1,0.58,0.5455,0.83,0.0,2011,5,0,5.181783550292085
2,0,5,17,0,3,1,1,0.6,0.5909,0.69,0.1343,2011,5,2,6.338594078203183
2,0,5,0,0,4,1,1,0.52,0.5,0.94,0.1045,2011,5,3,3.4011973816621555
2,0,5,6,0,4,1,2,0.5,0.4848,0.94,0.0,2011,5,3,4.6443908991413725
2,0,5,9,0,0,0,1,0.62,0.6061,0.69,0.1045,2011,5,6,5.247024072160486
2,187,5,13,0,1,1,2,0.74,0.6818,0.58,0.4179,2011,5,0,5.3230099791384085
2,0,5,12,0,2,1,1,0.76,0.6818,0.45,0.3881,2011,5,1,5.14166355650266
2,0,5,14,0,2,1,1,0.78,0.697,0.46,0.2836,2011,5,1,5.0369526024136295
2,0,5,7,0,3,1,1,0.62,0.5909,0.73,0.1343,2011,5,2,5.749392985908253
2,0,5,22,0,3,1,1,0.66,0.6212,0.69,0.2537,2011,5,2,5.1647859739235145
2,0,5,2,0,5,1,1,0.68,0.6364,0.61,0.2239,2011,5,4,2.9444389791664403
2,0,5,7,0,6,0,1,0.6,0.5606,0.83,0.2537,2011,5,5,3.9318256327243257
2,0,5,10,0,6,0,1,0.7,0.6515,0.65,0.2239,2011,5,5,5.6240175061873385
2,0,5,18,1,1,0,1,0.86,0.7879,0.41,0.1642,2011,5,0,5.521460917862246
2,0,6,12,0,3,1,1,0.86,0.8333,0.53,0.0,2011,6,2,5.135798437050262
2,0,6,17,0,3,1,1,0.86,0.803,0.47,0.2985,2011,6,2,6.18826412308259
2,0,6,4,0,4,1,1,0.66,0.6212,0.41,0.194,2011,6,3,1.3862943611198906
2,0,6,19,0,4,1,1,0.72,0.6364,0.23170000000000002,0.2985,2011,6,3,5.940171252720432
2,0,6,18,0,5,1,1,0.7,8.448566000000374,0.24,0.2985,2011,6,4,6.336825731146441
2,0,6,20,0,5,1,1,0.64,0.6212,0.29,0.1642,2011,6,4,5.683579767338681
2,0,6,20,0,6,0,2,0.7,0.6515,0.48,0.0896,2011,6,5,5.480638923341991
2,0,6,11,0,0,0,2,0.64,0.6061,0.69,0.1045,2011,6,6,5.817111159963204
2,0,6,23,0,0,0,1,0.62,0.5909,0.78,0.1343,2011,6,6,4.465908118654584
2,0,816,0,0,1,1,1,0.62,0.5909,0.78,0.1343,2011,6,0,3.4011973816621555
2,0,6,6,0,1,1,1,0.58,0.5455,0.88,0.0,2011,6,0,4.727387818712341
2,0,6,11,0,1,1,1,0.74,0.6667,0.42,0.1343,2011,6,0,4.718498871295094
2,0,6,14,0,1,1,1,0.78,0.6818,0.31,0.1343,2011,6,0,4.983606621708336
2,0,6,19,0,2,1,1,0.76,0.6818,0.48,0.2537,2011,6,1,6.052089168924417
2,0,6,12,0,3,1,1,0.88,0.8182,0.42,0.1343,2011,6,2,5.0106352940962555
2,0,6,22,0,3,1,1,0.76,0.7424,0.75,0.1642,2011,6,2,5.176149732573829
2,0,6,4,0,4,1,2,0.72,0.697,0.79,0.0896,2011,6,3,1.9459101490553132
2,0,6,18,0,4,1,1,0.88,0.803,0.39,0.2836,2011,6,3,6.1463292576688975
2,0,6,20,0,5,1,1,0.76,0.7121,0.62,0.1045,2011,6,4,5.5254529391317835
2,0,6,3,0,6,0,1,0.68,0.6364,0.83,0.0896,2011,6,5,3.367295829986474
2,0,6,6,0,0,0,1,0.62,0.5606,0.88,0.1045,2011,6,6,2.70805020110221
2,0,6,12,0,0,0,1,0.82,0.7576,0.46,0.0,2011,6,6,6.042632833682381
2,0,6,15,0,0,0,1,0.8,0.7727,0.59,0.2985,2011,6,6,5.8888779583328805
2,0,6,16,0,2,1,1,0.68,0.6364,0.41,0.194,2011,6,1,5.802118375377063
2,0,6,0,0,3,1,1,0.56,0.5303,0.64,0.3582,2011,6,2,3.970291913552122
2,0,6,11,0,3,1,1,0.68,0.6364,0.36,0.0,2011,6,2,5.10594547390058
2,0,6,12,0,3,1,1,0.7,0.6364,0.34,0.2239,2011,6,2,5.356586274672012
2,0,6,9,0,0,0,2,0.68,0.6364,0.74,0.1045,2011,6,6,5.135798437050262
2,0,6,1,0,1,1,1,0.64,0.5758,0.89,0.0896,2011,6,0,2.5649493574615367
3,0,6,17,0,3,1,2,0.8,0.7576,0.55,0.3881,2011,6,2,6.272877006546167
3,0,6,19,0,3,1,2,0.8,0.7424,0.52,0.2537,2011,6,2,5.8377304471659395
3,0,6,17,0,4,1,2,0.72,0.6818,0.7,0.3582,2011,6,3,6.345636360828596
3,0,6,16,0,0,0,1,0.74,0.6667,0.42,0.194,2011,6,6,6.1224928095143865
3,0,550,21,0,0,0,2,0.7,0.6515,0.54,0.1045,2011,6,6,5.214935757608986
3,0,6,5,0,4,1,1,0.58,8.448566000000374,0.64,0.2537,2011,6,3,3.258096538021482
3,0,7,7,0,5,1,1,0.66,0.6212,0.54,0.1045,2011,7,4,5.497168225293202
3,0,7,5,0,6,0,1,0.58,0.5455,0.73,0.1045,2011,7,5,2.70805020110221
3,0,7,1,0,0,0,2,0.7,0.6515,0.61,0.1642,2011,7,6,4.3694478524670215
3,0,7,2,0,0,0,1,0.7,8.448566000000374,0.58,0.194,2011,7,6,4.248495242049359
3,0,7,15,0,0,0,1,0.84,0.803,0.53,0.2985,2011,7,6,5.932245187448011
3,0,7,17,0,0,0,3,0.8,0.7424,0.49,0.5770170000000012,2011,7,6,5.883322388488279
3,0,7,19,0,0,0,2,0.66,0.6061,0.83,0.194,2011,7,6,5.214935757608986
3,0,7,10,1,1,0,2,0.76,0.697,0.55,0.0896,2011,7,0,5.638354669333745
3,0,7,9,0,3,1,3,0.88,0.6667,0.79,0.194,2011,7,2,5.247024072160486
3,0,7,3,0,4,1,1,0.64,0.5606,0.94,0.1045,2011,7,3,1.6094379124341003
3,0,7,20,0,5,1,81,0.66,0.6061,1.0,0.1642,2011,7,4,5.5254529391317835
3,0,7,0,0,6,0,2,0.66,0.6061,1.0,0.1343,2011,7,5,4.804021044733257
3,0,7,17,0,6,0,1,0.84,0.7273,0.32,0.0,2011,7,5,5.996452088619021
3,0,7,20,0,6,0,1,0.76,0.7121,0.58,0.2239,2011,7,5,5.752572638825633
3,0,7,0,0,0,0,1,0.7,0.6515,0.61,0.1642,2011,7,6,5.043425116919247
3,0,7,1,0,3,1,1,0.76,0.697,0.55,0.0,2011,7,2,2.5649493574615367
3,0,7,23,0,3,1,1,0.66,0.6061,0.83,0.2537,2011,7,2,4.762173934797756
3,0,7,16,0,4,1,1,0.76,0.6667,0.33,0.1343,2011,7,3,5.616771097666572
3,0,7,9,0,6,0,1,0.7,0.6515,1.0,0.2239,2011,7,5,5.407171771460119
3,0,7,12,0,6,0,1,0.76,0.6818,0.43,0.2836,2011,7,5,6.139884552226255
3,0,7,15,0,6,0,1,0.76,0.6818,0.45,0.3284,2011,7,5,6.061456918928017
3,0,7,20,0,0,0,1,0.76,0.7121,0.58,0.2537,2011,7,6,5.572154032177765
3,0,7,8,0,4,1,1,0.74,0.697,0.66,0.1642,2011,7,3,6.124683390894205
3,0,7,13,0,4,1,1,0.86,0.803,0.47,0.2537,2011,7,3,5.030437921392435
3,0,7,19,0,4,1,1,0.82,0.803,0.59,0.194,2011,7,3,5.777652323222656
3,0,7,18,0,6,0,1,0.88,0.7576,0.28,0.194,2011,7,5,5.703782474656201
3,0,7,21,0,6,0,1,0.8,0.7424,0.49,0.5770170000000012,2011,7,5,5.327876168789581
3,0,7,14,0,0,0,1,0.88,0.7727,0.24,0.1642,2011,7,6,5.7899601708972535
3,0,7,23,0,0,0,1,0.74,0.697,0.66,0.2239,2011,7,6,4.2626798770413155
3,0,8,1,0,1,1,1,0.72,0.697,0.74,0.194,2011,8,0,2.8903717578961645
3,0,8,1,0,2,1,1,0.66,0.6212,0.74,0.1045,2011,8,1,2.5649493574615367
3,0,8,12,0,2,1,1,0.86,0.7424,0.3,0.2836,2011,8,1,5.062595033026967
3,0,8,22,0,3,1,3,0.68,0.6364,0.89,0.1045,2011,8,2,4.356708826689592
3,0,8,20,0,6,0,3,0.72,0.697,0.79,0.2836,2011,8,5,4.927253685157205
3,0,8,1,0,0,0,2,0.7,0.6667,0.84,0.2537,2011,8,6,4.30406509320417
3,0,8,9,0,1,1,1,0.76,0.697,0.55,0.3881,2011,8,0,5.214935757608986
3,0,8,12,0,1,1,1,0.82,0.7576,0.46,0.2537,2011,8,0,5.209486152841421
3,0,8,14,0,1,1,1,0.82,0.7424,0.43,0.2985,2011,8,0,5.017279836814924
3,0,8,21,0,1,1,1,0.76,0.7121,0.58,0.0896,2011,8,0,5.231108616854587
3,0,8,2,0,4,1,1,0.66,0.6212,0.54,0.1343,2011,8,3,2.4849066497880004
3,0,8,13,0,5,1,1,0.78,0.6818,0.29,0.0896,2011,8,4,5.537334267018537
3,0,8,19,0,5,1,1,0.74,0.6667,0.42,0.2239,2011,8,4,5.955837369464831
3,0,8,21,0,5,1,1,0.7,0.6515,0.48,0.1343,2011,8,4,5.424950017481403
3,0,8,1,0,2,1,1,0.64,0.6061,0.69,0.1642,2011,8,1,2.833213344056216
3,0,8,14,0,2,1,1,0.76,0.6818,0.45,0.4179,2011,8,1,5.209486152841421
3,0,8,21,0,3,1,1,0.72,0.6818,0.62,0.2239,2011,8,2,5.442417710521793
3,0,8,9,0,4,1,1,0.72,0.6818,0.66,0.2537,2011,8,3,5.43372200355424
3,0,8,3,0,5,1,1,0.64,0.5909,0.78,0.0,2011,8,4,1.3862943611198906
3,0,8,13,0,6,0,1,0.76,0.697,0.55,0.1343,2011,8,5,5.937536205082426
3,0,8,15,0,6,0,1,0.8,0.7273,0.43,0.194,2011,8,5,5.968707559985366
3,0,8,18,0,6,0,1,0.76,0.7121,0.58,0.2537,2011,8,5,5.978885764901122
3,0,8,16,0,0,0,1,0.72,0.697,0.79,0.1642,2011,8,6,5.556828061699537
3,0,8,23,0,3,1,1,0.68,0.6364,0.69,0.2985,2011,8,2,4.2626798770413155
3,0,8,5,0,5,1,2,0.62,0.5606,0.88,0.0,2011,8,4,3.295836866004329
3,0,8,0,0,6,0,1,0.7,0.6667,0.84,0.1045,2011,8,5,4.983606621708336
3,0,8,206,0,0,0,3,0.62,0.5758,0.83,0.3582,2011,8,6,0.6931471805599453
3,0,8,1,0,2,1,1,0.56,0.5303,0.68,0.1045,2011,8,1,2.6390573296152584
3,0,8,9,0,2,1,1,0.66,0.6212,0.5,0.2239,2011,8,1,5.389071729816501
3,0,8,5,0,3,1,1,0.54,0.5152,0.83,0.0896,2011,8,2,3.332204510175204
3,0,8,21,0,3,1,1,0.66,0.6212,0.61,0.0896,2011,8,2,5.308267697401205
3,0,8,23,0,3,1,1,0.6,0.5758,0.78,0.1045,2011,8,2,4.442651256490317
3,0,9,1,0,5,1,3,0.62,0.5909,0.73,0.1045,2011,9,4,3.4965075614664802
3,0,9,6,1,1,0,2,0.66,0.6212,0.74,0.1343,2011,9,0,2.4849066497880004
3,0,9,7,0,2,1,2,0.54,0.5152,0.83,0.3582,2011,9,1,5.153291594497779
3,0,9,9,0,3,1,3,0.6,0.5455,0.88,0.1343,2011,9,2,5.25227342804663
3,0,9,18,0,3,1,3,0.64,0.5758,0.89,0.0,2011,9,2,5.472270673671475
3,0,9,13,0,270,1,1,0.7,0.6667,0.79,0.0896,2011,9,4,4.812184355372417
3,0,9,14,0,5,1,1,0.72,0.697,0.74,0.0896,2011,9,4,5.003946305945459
3,0,9,23,0,5,1,1,0.62,0.5455,0.94,0.0896,2011,9,4,5.003946305945459
3,0,9,3,0,2,1,1,0.58,0.5455,0.83,0.0,2011,9,1,1.6094379124341003
3,0,9,16,0,3,1,1,0.76,0.697,0.52,0.2836,2011,9,2,5.627621113690637
3,0,9,5,0,5,1,1,0.38,0.3939,0.76,0.194,2011,9,4,3.4965075614664802
3,0,9,11,0,5,1,2,0.5,0.4848,0.51,0.1343,2011,9,4,5.19295685089021
3,0,9,0,0,6,0,1,0.46,0.4545,0.72,0.1642,2011,9,5,4.6913478822291435
3,0,9,8,0,6,0,2,0.46,0.4545,0.77,0.2537,2011,9,5,4.6913478822291435
3,0,9,0,0,1,1,630,0.52,0.5,0.72,0.1642,2011,9,0,3.6375861597263857
3,0,9,8,0,1,1,2,0.52,0.5,0.77,0.1343,2011,9,0,6.042632833682381
3,0,9,11,0,1,1,2,0.58,0.5455,0.64,0.1642,2011,9,0,4.941642422609304
3,0,9,17,0,2,1,1,0.6,0.5606,0.83,0.1045,2011,9,1,6.238324625039508
3,0,9,9,0,4,1,2,0.62,0.5455,0.94,0.194,2011,9,3,5.318119993844216
4,0,9,16,0,5,1,3,0.62,0.5455,0.94,0.0,2011,9,4,4.04305126783455
4,0,9,4,0,803,0,1,0.56,0.5303,0.94,0.1045,2011,9,5,2.1972245773362196
4,0,9,14,0,0,0,2,0.66,0.6061,0.78,0.0,2011,9,6,5.8522024797744745
4,0,9,2,0,1,1,2,0.62,0.5606,0.88,0.1045,2011,9,0,2.1972245773362196
4,0,9,15,0,3,1,1,0.7,0.6515,0.7,0.1343,2011,9,2,5.204006687076795
4,0,9,12,0,4,1,1,0.66,0.6212,0.61,0.1642,2011,9,3,5.278114659230517
4,0,9,2,0,5,1,1,0.52,0.5,0.83,0.1045,2011,9,4,2.772588722239781
4,0,10,4,0,0,0,2,0.34,0.3182,0.87,0.2537,2011,10,6,2.0794415416798357
4,0,10,11,0,1,1,2,0.4,0.4091,0.71,0.2239,2011,10,0,4.844187086458591
4,0,10,2,0,2,1,2,0.4,0.4091,0.87,0.0,2011,10,1,1.3862943611198906
4,0,10,23,0,3,1,1,0.5,0.4848,0.77,0.1045,2011,10,2,4.30406509320417
4,0,10,13,0,5,1,1,0.6,0.6212,0.46,0.0,2011,10,4,5.723585101952381
4,0,10,19,0,5,1,1,0.56,0.5303,0.52,0.0,2011,10,4,5.68697535633982
4,0,10,21,0,5,1,1,0.5,0.4848,0.68,0.0,2011,10,4,5.117993812416755
4,0,10,9,0,0,0,1,0.5,0.4848,0.77,0.0,2011,10,6,5.225746673713202
4,0,10,22,1,1,0,1,0.56,0.5303,0.88,0.0896,2011,10,0,4.844187086458591
4,0,10,2,0,3,1,2,0.56,0.5303,0.83,0.2836,2011,10,2,1.0986122886681098
4,0,10,7,0,4,1,3,0.54,0.5152,1.0,0.1343,2011,10,3,4.406719247264253
4,0,10,2,0,6,0,1,0.46,0.4545,0.59,0.194,2011,10,5,4.04305126783455
4,0,10,12,0,6,0,1,0.58,0.5455,0.35,0.5522,2011,10,5,6.124683390894205
4,0,10,17,0,6,0,1,0.58,0.5455,0.32,0.2836,2011,10,5,6.091309882077698
4,0,10,7,0,0,0,1,0.4,0.4091,0.62,0.1343,2011,10,6,3.8918202981106265
4,0,10,14,0,0,0,1,0.6,0.6212,0.4,0.2985,2011,10,6,6.137727054086234
4,0,10,13,0,1,1,1,0.56,0.5303,0.46,0.0896,2011,10,0,5.327876168789581
4,0,10,3,0,2,1,1,0.44,0.4394,0.94,0.0896,2011,10,1,0.6931471805599453
4,0,10,21,0,2,1,2,0.54,0.5152,0.68,0.1343,2011,10,1,5.332718793265369
4,0,10,1,0,4,1,1,0.56,0.5303,0.88,0.3582,2011,10,3,2.772588722239781
4,0,10,2,0,4,1,1,0.56,0.5303,0.88,0.4478,2011,10,3,1.6094379124341003
4,0,10,4,0,4,1,394,0.5,0.4848,0.82,0.4627,2011,10,3,2.1972245773362196
4,0,10,3,0,5,1,1,0.36,0.3485,0.71,0.1343,2011,10,4,2.0794415416798357
4,0,10,4,0,1,1,1,0.4,0.4091,0.82,0.0,2011,10,0,1.9459101490553132
4,0,10,14,0,1,1,2,0.54,0.5152,0.64,0.194,2011,10,0,5.332718793265369
4,0,10,15,0,2,1,1,0.56,0.5303,0.37,0.1045,2011,10,1,5.459585514144159
4,0,10,18,0,3,1,1,0.52,0.5,0.77,0.1642,2011,10,2,6.118097198041348
4,0,10,9,0,4,1,2,0.5,0.4848,0.82,0.1642,2011,10,3,5.147494476813453
4,0,10,23,0,0,0,1,0.26,0.303,0.87,0.0,2011,10,6,3.6375861597263857
4,0,11,0,0,2,1,2,0.36,0.3485,0.87,0.1642,2011,11,1,3.091042453358316
4,0,11,18,0,2,1,1,0.42,0.4242,0.58,0.1045,2011,11,1,6.133398042996649
4,0,11,16,0,3,1,1,0.48,0.4697,0.51,0.1045,2011,11,2,5.58724865840025
4,0,11,16,0,5,1,1,0.46,0.4545,0.36,0.3881,2011,11,4,5.673323267171493
4,0,11,22,0,5,1,1,0.34,0.303,0.46,0.5770170000000012,2011,11,4,4.7535901911063645
4,0,11,11,0,6,0,1,0.36,0.3636,0.46,0.1045,2011,11,5,5.476463551931511
4,0,11,17,0,6,0,1,0.38,0.3939,0.4,0.1642,2011,11,5,5.814130531825066
4,0,11,10,0,1,1,1,0.36,0.3485,0.93,0.1343,2011,11,0,4.820281565605037
4,0,11,9,0,2,1,1,0.36,0.3788,0.87,0.0,2011,11,1,5.2574953720277815
4,0,11,17,0,2,1,1,0.52,0.5,0.43,0.1642,2011,11,1,6.214608098422191
4,0,11,13,0,4,1,3,0.36,0.3333,0.81,0.3582,2011,11,3,4.574710978503383
4,0,11,5,1,5,0,1,0.3,0.2879,0.49,0.2537,2011,11,4,2.6390573296152584
4,0,11,14,1,5,0,1,0.38,0.3939,0.37,0.4627,2011,11,4,5.5134287461649825
4,0,11,10,0,6,0,1,0.34,0.3182,0.61,0.2836,2011,11,5,5.4510384535657
4,0,11,22,0,6,0,1,0.42,0.4242,0.47,0.2537,2011,11,5,4.77912349311153
4,0,11,0,0,811,1,1,0.56,0.5303,0.64,0.3582,2011,11,1,7.48605261786314
4,0,11,7,0,2,1,2,0.54,0.5152,0.68,0.1642,2011,11,1,5.768320995793772
4,0,11,4,0,3,1,2,0.44,0.4394,1.0,0.2239,2011,11,2,1.6094379124341003
4,0,11,22,0,3,1,3,0.42,0.4242,0.88,0.2239,2011,11,2,3.8501476017100584
4,0,11,1,0,5,1,1,0.26,0.2273,0.44,0.3284,2011,11,4,2.3978952727983707
4,0,11,4,0,1,1,3,0.44,0.4394,1.0,0.1343,2011,11,0,1.791759469228055
4,0,11,12,0,1,1,2,0.5,0.4848,0.77,0.1343,2011,11,0,5.093750200806762
4,0,11,13,0,2,1,3,0.42,0.4242,1.0,0.0896,2011,11,1,3.295836866004329
4,0,11,14,0,3,1,1,0.42,0.4242,0.54,0.4627,2011,11,2,5.365976015021851
4,0,11,16,0,3,1,2,0.4,0.4091,0.62,0.4627,2011,11,2,5.159055299214529
4,0,11,19,1,4,0,1,0.4,0.4091,0.54,0.1045,2011,11,3,3.367295829986474
4,0,11,7,0,5,1,1,0.26,0.303,0.81,0.0,2011,11,4,3.58351893845611
4,0,11,22,0,5,1,1,0.34,0.3485,1.0,0.0896,2011,11,4,4.07753744390572
4,0,11,19,0,2,1,2,0.4,0.4091,0.82,0.3284,2011,11,1,5.5254529391317835
4,0,12,0,0,4,1,1,0.28,0.2576,0.52,0.3284,2011,12,3,3.044522437723423
4,0,12,20,0,5,1,1,0.38,0.3939,0.4,0.2836,2011,12,4,5.25227342804663
4,0,12,0,0,6,0,1,0.3,0.2879,0.56,0.2537,2011,12,5,4.330733340286331
4,0,12,10,0,6,0,1,0.32,0.3333,0.61,0.1343,2011,12,5,5.278114659230517
4,0,12,9,0,1,1,2,0.36,0.3636,0.87,0.0896,2011,12,0,5.25227342804663
336,0,12,1,0,2,1,2,0.46,0.4545,0.88,0.2985,2011,12,1,2.833213344056216
4,0,12,13,0,2,1,3,0.46,0.4545,1.0,0.194,2011,12,1,4.276666119016055
4,0,12,17,0,2,1,2,0.46,0.4545,1.0,0.2239,2011,12,1,5.572154032177765
4,0,12,15,0,3,1,3,0.42,0.4242,0.94,0.2239,2011,12,2,3.4339872044851463
4,0,12,10,0,4,1,1,0.26,0.2273,0.52,0.3284,2011,12,3,4.709530201312334
4,0,12,16,0,4,1,1,0.32,0.3182,0.45,0.194,2011,12,3,5.342334251964811
4,0,12,15,0,5,1,1,0.38,0.3939,0.46,0.2836,2011,12,4,5.247024072160486
4,0,12,20,0,5,1,1,0.3,0.3333,0.81,0.0,2011,12,4,5.017279836814924
4,0,12,4,0,6,0,2,0.26,0.2727,0.65,0.1045,2011,12,5,1.3862943611198906
4,0,12,17,0,1,1,2,0.3,0.3333,0.56,0.0,2011,12,0,5.886104031450156
4,0,12,8,0,2,1,1,0.2,0.2273,0.69,0.1045,2011,12,1,5.993961427306569
4,0,12,22,0,2,1,1,0.3,0.303,0.52,0.1642,2011,12,1,4.68213122712422
4,0,12,13,0,5,1,2,0.34,0.303,0.39,0.3582,2011,12,4,4.927253685157205
4,0,12,3,0,6,0,1,0.26,0.2576,0.6,0.194,2011,12,5,3.295836866004329
4,0,12,5,0,1,1,1,0.14,0.1667,0.93,0.1045,2011,12,0,3.091042453358316
4,0,12,19,0,1,1,2,0.36,0.3485,0.53,0.1642,2011,12,0,5.529429087511423
4,0,12,18,0,2,1,1,0.38,0.3939,0.66,0.194,2011,12,1,6.021023349349527
1,0,12,6,0,93,1,2,0.36,0.3788,0.87,0.0,2011,12,2,4.343805421853684
1,0,12,9,0,3,1,2,0.4,0.4091,0.87,0.2239,2011,12,2,5.459585514144159
1,0,12,14,0,4,1,2,0.46,0.4545,0.63,0.0,2011,12,3,5.075173815233827
1,0,12,19,0,5,1,1,0.34,0.3333,0.53,0.194,2011,12,4,4.343805421853684
1,0,12,1,0,6,0,2,0.32,0.3485,0.66,0.0,2011,12,5,2.833213344056216
1,0,12,848,0,0,0,1,0.26,0.2424,0.81,0.2537,2011,12,6,3.784189633918261
1,0,12,15,0,0,0,1,0.34,0.3333,0.61,0.194,2011,12,6,4.5217885770490405
1,0,12,21,0,0,0,1,0.3,0.303,0.56,0.1343,2011,12,6,2.995732273553991
1,0,12,13,1,1,0,1,0.38,0.3939,0.4,0.2985,2011,12,0,4.948759890378168
1,0,12,6,0,2,1,2,0.3,0.2727,0.61,0.2985,2011,12,1,3.58351893845611
1,0,12,15,0,3,1,1,0.32,0.2879,0.36,0.4179,2011,12,2,4.770684624465665
1,0,12,12,0,4,1,2,0.26,0.2727,0.56,0.1045,2011,12,3,4.875197323201151
1,0,12,14,0,5,1,2,0.4,0.4091,0.47,0.0896,2011,12,4,5.5053315359323625
1,0,12,18,0,6,0,1,0.42,0.4242,0.54,0.1343,2011,12,5,4.543294782270004
1,0,12,22,0,6,0,1,0.38,0.3939,0.62,0.1343,2011,12,5,3.6635616461296463
1,1,1,2,0,0,0,1,0.32,0.3485,0.76,0.0,2012,1,6,4.330733340286331
1,1,1,3,0,3,1,1,0.14,0.1515,0.34,0.2836,2012,1,2,0.6931471805599453
1,1,1,9,0,5,1,1,0.24,0.2424,0.7,0.1642,2012,1,4,5.488937726156687
1,1,1,7,0,6,0,1,0.22,0.2273,0.87,0.194,2012,1,5,3.044522437723423
1,1,1,4,0,0,0,1,0.32,0.303,0.49,0.2537,2012,1,6,1.9459101490553132
1,1,1,5,0,0,0,2,0.32,0.3333,0.49,0.1045,2012,1,6,1.0986122886681098
1,1,1,7,0,0,0,2,0.3,0.3333,0.52,0.0,2012,1,6,3.2188758248682006
1,1,1,8,0,1,1,2,0.22,0.2576,0.55,0.0896,2012,1,0,6.042632833682381
1,1,1,8,0,3,1,1,0.2,0.2273,0.82,0.1045,2012,1,2,6.214608098422191
1,1,1,23,0,3,1,3,0.34,0.3182,0.87,0.2239,2012,1,2,2.302585092994046
1,1,1,21,0,4,1,1,0.44,0.4394,0.67,0.1343,2012,1,3,5.1647859739235145
1,1,1,1,0,5,1,2,0.38,0.3939,0.76,0.2985,2012,1,4,2.5649493574615367
1,1,1,12,0,2,1,2,0.32,0.303,0.87,0.2836,2012,1,1,4.465908118654584
1,1,1,16,0,2,1,1,0.46,0.4545,0.63,0.5522,2012,1,1,5.393627546352362
1,1,1,16,0,3,1,1,0.28,0.2273,0.3,0.5224,2012,1,2,5.176149732573829
1,1,1,7,0,5,1,1,0.22,0.2121,0.69,0.2239,2012,1,4,5.225746673713202
1,1,1,12,0,6,0,2,0.2,0.2121,0.8,0.1642,2012,1,5,4.219507705176107
1,1,1,14,0,6,0,3,0.2,0.197,0.8,0.194,2012,1,5,4.564348191467836
1,1,1,13,0,0,0,2,0.16,0.1818,0.8,0.1343,2012,1,6,5.298317366548036
1,1,1,0,0,1,1,2,0.18,0.2424,0.86,0.0,2012,1,0,2.995732273553991
594,1,1,5,0,1,1,2,0.2,0.2576,0.86,0.0,2012,1,0,2.995732273553991
1,1,859,22,0,1,1,2,0.26,0.2424,1.0,0.2836,2012,1,0,4.23410650459726
1,1,1,5,0,2,1,2,0.3,0.3182,1.0,0.0896,2012,1,1,3.295836866004329
1,1,1,15,0,4,1,2,0.42,0.4242,0.71,0.1045,2012,1,3,5.10594547390058
1,1,1,16,0,4,1,2,0.4,0.4091,0.71,0.0896,2012,1,3,5.41610040220442
1,98,1,8,0,6,0,1,0.2,0.2273,0.8,0.0896,2012,1,5,4.5217885770490405
1,1,1,11,0,6,0,1,0.3,0.303,0.56,0.1343,2012,1,5,5.6937321388027
1,1,1,15,0,6,0,1,0.4,0.4091,0.47,0.3284,2012,1,5,6.018593214496234
1,1,1,5,0,0,0,1,0.2,0.2121,0.51,0.1343,2012,1,6,2.0794415416798357
1,1,1,7,0,2,1,1,0.88,0.2576,0.6,0.194,2012,1,1,5.634789603169249
1,1,1,11,0,2,1,1,0.4,0.4091,0.37,0.2836,2012,1,1,4.941642422609304
1,1,1,16,0,2,1,1,0.54,0.5152,0.26,0.4478,2012,1,1,5.730099782973574
1,1,2,21,0,5,1,1,0.34,0.3485,0.49,0.1045,2012,2,4,4.90527477843843
1,1,2,11,0,1,1,1,0.26,0.2727,0.7,0.1343,2012,2,0,4.762173934797756
1,1,2,6,0,2,1,1,0.32,0.303,0.45,0.2985,2012,2,1,4.61512051684126
1,1,2,4,0,3,1,1,0.24,0.2576,0.7,0.0896,2012,2,2,0.6931471805599453
1,1,2,22,0,3,1,2,0.24,0.2424,0.87,0.1343,2012,2,2,4.59511985013459
1,1,2,1,0,2,1,2,0.26,0.303,0.56,0.0,2012,2,1,1.9459101490553132
1,1,2,14,0,3,1,1,0.42,0.4242,0.41,0.3582,2012,2,2,4.90527477843843
1,1,2,18,0,4,1,3,0.34,0.3333,0.87,0.1343,2012,2,3,5.869296913133774
1,1,2,2,0,0,0,2,0.3,0.2879,0.36,0.2836,2012,2,6,3.8918202981106265
1,1,2,12,0,0,0,2,0.28,0.2727,0.52,0.2537,2012,2,6,5.545177444479562
1,1,2,22,1,1,0,1,0.3,0.3182,0.45,0.0896,2012,2,0,4.143134726391533
1,1,2,18,0,2,1,1,0.38,0.3939,0.4,0.4478,2012,2,1,6.977281341630747
1,1,2,11,0,3,1,1,0.36,0.3485,0.66,0.1642,2012,2,2,5.147494476813453
1,1,2,9,0,5,1,3,0.36,0.3333,0.81,0.2537,2012,2,4,5.501258210544727
1,1,2,1216,0,5,1,2,0.44,0.4394,0.88,0.1045,2012,2,4,5.455321115357702
1,1,2,3,0,0,0,1,0.24,0.2273,0.41,0.194,2012,2,6,3.091042453358316
1,1,2,19,0,0,0,352,0.34,0.3333,0.34,0.1642,2012,2,6,4.969813299576001
1,1,2,23,0,1,1,1,0.42,0.4242,0.5,0.1642,2012,2,0,4.04305126783455
1,1,3,11,0,5,1,1,0.38,0.3939,0.46,0.194,2012,3,4,5.272999558563747
1,1,3,10,0,0,0,1,0.3,0.2727,0.49,0.3284,2012,3,6,5.262690188904886
1,1,3,12,0,0,0,1,0.34,0.303,0.42,0.3582,2012,3,6,5.793013608384144
1,1,3,7,0,2,1,1,0.16,0.1818,0.55,0.1343,2012,3,1,5.62040086571715
1,1,3,11,0,3,1,1,0.42,0.4242,0.38,0.2985,2012,3,2,5.087596335232384
1,1,3,9,0,4,1,1,0.46,0.4545,0.72,0.4627,2012,3,3,5.71042701737487
1,1,3,3,0,5,1,1,0.46,0.4545,0.77,0.5224,2012,3,4,2.0794415416798357
1,1,3,9,0,6,0,1,0.24,8.448566000000374,0.41,0.3284,2012,3,5,5.003946305945459
1,1,3,21,0,6,0,1,0.3,0.2879,0.39,0.2239,2012,3,5,4.709530201312334
1,1,3,5,0,0,0,1,0.24,0.2424,0.6,0.1642,2012,3,6,2.0794415416798357
1,1,3,17,0,1,1,2,0.62,0.6212,0.38,0.4179,2012,3,0,6.4692503167957724
1,1,3,20,0,1,1,2,0.56,0.5303,0.49,0.2239,2012,3,0,5.659482215759621
1,1,3,12,0,2,1,1,0.6,0.6061,0.6,0.2836,2012,3,1,5.501258210544727
1,1,3,2,0,4,1,1,0.5,0.4848,0.59,0.0,2012,3,3,2.995732273553991
1,1,3,17,0,5,1,3,0.48,0.4697,0.82,0.0896,2012,3,4,5.556828061699537
1,1,3,22,0,1,1,2,0.56,0.5303,0.73,0.1642,2012,3,0,5.003946305945459
1,1,3,2,0,2,1,1,0.54,0.5152,0.88,0.0896,2012,3,1,2.3978952727983707
1,1,3,3,0,2,1,2,0.54,0.5152,0.88,0.0,2012,3,1,1.3862943611198906
2,1,3,18,0,3,1,1,0.6,0.5909,0.69,0.0,2012,3,2,6.659293919683638
2,1,3,194,0,4,1,1,0.52,0.5,0.83,0.0896,2012,3,3,1.9459101490553132
2,1,3,15,0,4,1,1,0.62,0.6061,0.69,0.194,2012,3,3,5.720311776607412
2,1,3,0,0,5,1,1,0.56,0.5303,0.83,0.0,2012,3,4,4.564348191467836
2,1,3,13,0,6,0,3,0.52,0.5,0.94,0.2537,2012,3,5,5.2832037287379885
2,1,3,2,0,0,0,3,0.42,0.4242,1.0,0.2985,2012,3,6,3.58351893845611
2,1,3,6,0,0,0,2,0.4,0.4091,1.0,0.2537,2012,3,6,2.9444389791664403
2,1,3,8,0,0,0,2,0.4,0.4091,0.94,0.3284,2012,3,6,4.499809670330265
2,1,3,20,0,0,0,1,0.48,0.4697,0.77,0.2239,2012,3,6,5.560681631015528
2,1,3,2,0,3,1,1,0.34,0.303,0.49,0.5770170000000012,2012,3,2,1.3862943611198906
2,1,3,1,0,6,0,2,0.4,0.4091,0.76,0.194,2012,3,5,4.418840607796598
2,1,3,20,0,6,0,2,0.4,0.4091,0.71,0.3284,2012,3,5,5.342334251964811
2,1,4,5,0,0,0,2,0.34,0.3485,0.81,0.0896,2012,4,6,2.9444389791664403
2,1,4,21,0,0,0,2,0.5,0.4848,0.59,0.1642,2012,4,6,4.90527477843843
2,1,4,14,0,1,1,1,0.46,0.4545,0.31,0.4179,2012,4,0,5.594711379601839
2,1,4,4,0,3,1,1,0.42,0.4242,0.67,0.0896,2012,4,2,0.6931471805599453
2,1,4,3,0,4,1,1,0.42,0.4242,0.41,0.5770170000000012,2012,4,3,1.791759469228055
2,1,4,13,0,5,1,1,0.44,0.4394,0.33,0.3284,2012,4,4,6.021023349349527
2,1,4,1,0,6,0,1,0.4,0.4091,0.28,0.2537,2012,4,5,4.248495242049359
2,1,4,9,0,6,0,1,0.4,0.4091,0.3,0.2537,2012,4,5,5.6240175061873385
2,1,4,20,0,6,0,1,0.5,0.4848,0.23170000000000002,0.2239,2012,4,5,5.342334251964811
2,1,4,3,0,2,1,1,0.36,0.3485,0.71,0.1343,2012,4,1,1.0986122886681098
2,1,4,0,0,3,1,1,0.34,0.303,0.36,0.4179,2012,4,2,3.4339872044851463
2,1,4,20,0,3,1,1,0.36,0.3333,0.46,0.3284,2012,4,2,5.4638318050256105
2,1,4,17,0,4,1,1,0.5,0.4848,0.27,0.3881,2012,4,3,6.48768401848461
2,1,4,1,0,5,1,1,0.36,0.3485,0.46,0.194,2012,4,4,3.4339872044851463
2,1,4,5,0,6,0,1,0.36,0.3636,0.66,0.1045,2012,4,5,2.0794415416798357
2,1,4,10,0,0,0,1,0.58,0.5455,0.53,0.2239,2012,4,6,6.045005314036012
2,1,4,14,0,3,1,3,0.44,0.4394,0.72,0.1045,2012,4,2,3.9512437185814275
2,1,4,19,0,3,1,2,0.42,0.4242,0.77,0.1343,2012,4,2,5.910796644040527
2,1,4,10,0,5,1,1,0.5,0.4848,0.77,0.194,2012,4,4,5.472270673671475
2,1,4,20,0,5,1,1,0.58,0.5455,0.56,0.1642,2012,4,4,5.834810737062605
2,1,4,5,0,6,0,1,0.5,0.4848,0.82,0.2537,2012,4,5,0.6931471805599453
2,1,4,12,0,1,1,3,0.34,0.303,0.71,0.3582,2012,4,0,4.867534450455582
2,1,4,1,0,3,1,1,0.42,0.4242,0.41,0.0,2012,4,2,3.258096538021482
2,1,4,6,0,3,1,1,0.34,0.3636,0.66,0.0,2012,4,2,4.672828834461906
2,1,4,20,0,4,1,1,0.54,0.5152,0.77,0.194,2012,4,3,5.823045895483019
2,1,4,6,0,5,1,1,0.4,0.4091,0.43,0.2537,2012,4,4,4.795790545596741
2,1,4,3,0,6,0,1,0.34,0.3182,1.0,0.2239,2012,4,5,3.295836866004329
2,1,4,3,0,0,0,2,0.36,0.3485,0.87,0.194,2012,4,6,2.833213344056216
2,1,4,12,0,1,1,2,0.44,0.4394,0.47,0.1343,2012,4,0,5.420534999272286
2,1,5,23,0,2,1,1,0.6,0.5758,0.78,0.0,2012,5,1,4.564348191467836
2,1,5,1,0,4,1,2,0.46,0.4545,0.88,0.1045,2012,5,3,3.2188758248682006
2,1,5,12,0,4,1,1,0.56,0.5303,0.73,0.1343,2012,5,3,5.71042701737487
2,1,5,0,0,6,0,1,0.6,0.5606,0.83,0.0,2012,5,5,5.0369526024136295
2,1,5,13,0,6,0,1,0.74,0.6818,0.55,0.1343,2012,5,5,6.263398262591624
2,1,5,10,0,0,0,2,0.54,0.5152,0.77,0.1045,2012,5,6,5.811140992976701
2,1,5,21,0,1,1,2,0.54,0.5152,0.45,0.2239,2012,5,0,5.5134287461649825
2,1,5,2,0,2,1,2,0.52,0.5,0.63,0.2985,2012,5,1,2.833213344056216
2,1,5,10,0,4,1,1,0.5,0.4848,0.51,0.4179,2012,5,3,5.043425116919247
2,1,5,2,0,5,1,1,0.46,0.4545,0.44,0.1642,2012,5,4,3.4657359027997265
2,1,245,8,0,5,1,1,0.46,0.4545,0.44,0.2537,2012,5,4,6.431331081933479
2,508,5,11,0,5,1,1,0.56,0.5303,0.35,0.2537,2012,5,4,5.676753802268282
2,1,5,0,0,1,1,2,0.6,0.6212,1.0,0.2537,2012,5,0,5.556828061699537
2,1,5,19,0,1,1,3,0.58,0.5455,0.88,0.1343,2012,5,0,5.720311776607412
2,1,5,22,0,2,1,1,0.58,0.5455,0.78,0.2239,2012,5,1,4.430816798843313
2,1,5,3,0,3,1,1,0.56,0.5303,0.88,0.1045,2012,5,2,1.9459101490553132
2,1,5,19,0,0,0,1,0.66,0.6212,0.61,0.4179,2012,5,6,5.998936561946683
2,1,5,10,0,1,1,3,0.58,0.5455,0.88,0.2836,2012,5,0,4.605170185988092
2,1,5,14,0,1,1,3,0.6,0.5606,0.83,0.194,2012,5,0,5.198497031265826
2,1,5,9,0,3,771,2,0.62,0.5909,0.78,0.0,2012,5,2,5.697093486505405
2,1,5,2,0,4,1,1,0.6,0.5455,0.88,0.0,2012,5,3,2.833213344056216
2,1,5,18,0,4,1,1,0.72,0.6667,0.54,0.3284,2012,5,3,6.6240652277998935
2,1,5,21,0,4,1,3,0.64,0.5909,0.78,0.1642,2012,5,3,5.655991810819852
2,1,5,5,0,6,0,1,0.62,0.5758,0.83,0.2537,2012,5,5,2.3978952727983707
2,1,5,13,0,6,0,1,0.76,0.7273,0.66,0.5770170000000012,2012,5,5,6.29156913955832
2,1,5,0,1,1,0,1,0.62,0.5758,0.83,0.2239,2012,5,0,4.189654742026425
2,1,5,3,1,1,0,1,0.62,0.5909,0.73,0.1642,2012,5,0,2.9444389791664403
2,1,5,22,1,1,0,1,0.74,0.697,0.7,0.1642,2012,5,0,5.062595033026967
2,1,5,2,0,2,1,95,0.68,0.6364,0.83,0.1343,2012,5,1,2.1972245773362196
2,1,5,9,0,2,1,1,0.72,0.6818,0.7,0.2537,2012,5,1,5.552959584921617
2,1,5,19,0,2,1,1,0.78,0.7121,0.52,0.3582,2012,5,1,6.267200548541362
2,1,5,8,0,3,1,2,0.6,0.5909,0.73,0.1642,2012,5,2,6.51025834052315
2,1,5,22,0,3,1,1,0.66,0.6212,0.69,0.1045,2012,5,2,5.384495062789089
2,1,5,0,0,4,1,1,0.64,0.6061,0.69,0.1343,2012,5,3,4.127134385045092
2,1,5,9,0,4,1,1,0.66,0.6212,0.47,0.2537,2012,5,3,5.7430031878094825
2,1,5,20,0,4,1,1,0.68,0.6364,0.44,0.1642,2012,5,3,6.173786103901937
2,1,6,11,0,0,0,1,0.64,0.6212,0.41,0.2537,2012,6,6,6.238324625039508
2,1,6,19,0,0,0,1,0.68,0.6364,0.34,0.2836,2012,6,6,6.118097198041348
2,1,6,2,0,1,1,1,0.56,0.5303,0.6,0.2239,2012,6,0,2.4849066497880004
2,1,6,17,0,1,1,1,0.64,0.6212,0.38,0.4478,2012,6,0,6.727431724850855
2,1,6,7,0,0,0,1,0.6,0.5758,0.78,0.1045,2012,6,6,4.143134726391533
2,1,6,7,0,1,1,1,0.64,0.5909,0.78,0.1045,2012,6,0,6.222576268071369
2,1,6,13,0,1,1,2,0.8,0.7121,0.41,0.2985,2012,6,0,5.517452896464707
2,1,6,16,0,2,1,2,0.66,0.5909,0.89,0.2836,2012,6,1,5.480638923341991
2,1,6,19,0,2,1,1,0.68,0.6364,0.83,0.194,2012,6,1,6.198478716492308
2,1,6,14,0,4,1,1,0.7,0.6515,0.54,0.2836,2012,6,3,5.700443573390687
2,1,6,67,0,5,1,1,0.58,0.5455,0.78,0.194,2012,6,4,3.9512437185814275
2,1,6,2,0,5,1,1,0.56,0.5303,0.83,0.1045,2012,6,4,2.772588722239781
2,1,6,5,0,0,0,1,0.54,0.5152,0.68,0.1343,2012,6,6,7.377133712833954
2,1,6,10,0,1,1,3,0.54,0.5152,0.88,0.1045,2012,6,0,4.5217885770490405
2,1,6,13,0,1,1,2,0.58,0.5455,0.73,0.1343,2012,6,0,5.420534999272286
2,1,6,21,0,2,1,1,0.76,0.7121,0.62,0.1642,2012,6,1,5.6240175061873385
3,1,6,1,0,5,1,1,0.76,0.7424,0.75,0.1642,2012,6,4,3.4657359027997265
3,1,6,2,0,5,1,1,0.74,0.7121,0.79,0.0,2012,6,4,2.5649493574615367
3,1,6,13,0,6,0,1,0.82,0.7273,0.34,0.194,2012,6,5,6.336825731146441
3,1,6,17,0,6,0,1,0.82,0.7121,0.26,0.2537,2012,6,5,6.274762021241939
3,1,6,1,0,0,0,2,0.68,0.6364,0.54,0.0896,2012,6,6,4.852030263919617
3,1,6,14,0,1,1,1,0.78,0.697,0.43,0.2537,2012,6,0,5.529429087511423
3,1,6,20,0,1,1,1,0.72,0.6515,0.3,0.4478,2012,6,0,6.16541785423142
3,1,6,23,0,2,1,1,0.62,0.6212,0.41,0.1343,2012,6,1,4.882801922586371
3,1,6,2,0,4,1,1,0.66,0.6212,0.5,0.0896,2012,6,3,2.6390573296152584
3,1,6,10,0,4,1,1,0.74,0.6667,0.48,0.194,2012,6,3,5.220355825078324
3,1,6,7,0,5,1,1,0.7,0.6515,0.61,0.1045,2012,6,4,5.942799375126701
3,1,6,13,0,5,1,1,0.88,0.8788,0.38,0.194,2012,6,4,5.480638923341991
3,1,6,9,0,6,0,1,0.64,0.5758,0.89,0.1642,2012,6,5,5.62040086571715
3,1,7,4,0,0,0,1,0.7,0.6667,0.79,0.194,2012,7,6,1.6094379124341003
3,1,7,6,0,2,1,1,0.7,0.6515,0.65,0.1343,2012,7,1,5.043425116919247
3,1,7,9,0,2,1,1,0.8,0.7424,0.49,0.1642,2012,7,1,5.60947179518496
3,1,7,8,1,3,0,1,0.7,0.6515,0.61,0.1045,2012,7,2,5.0369526024136295
3,1,7,5,0,5,1,1,0.74,0.697,0.66,0.194,2012,7,4,3.58351893845611
3,1,7,4,0,6,0,1,0.74,0.7121,0.74,0.1642,2012,7,5,2.833213344056216
3,1,7,7,0,6,0,1,0.78,0.7576,0.66,0.1045,2012,7,5,4.276666119016055
3,1,7,7,0,0,0,1,0.8,0.803,0.66,0.0,2012,7,6,3.970291913552122
3,1,7,5,0,1,913,2,0.66,0.6061,0.83,0.2239,2012,7,0,3.367295829986474
3,1,7,15,0,4,1,1,0.8,0.7121,0.36,0.194,2012,7,3,5.605802066295998
3,1,7,6,0,5,1,2,0.7,0.6515,0.54,0.0,2012,7,4,4.852030263919617
3,1,7,15,0,6,0,1,0.8,0.7576,0.55,0.1642,2012,7,5,6.329720905522696
3,1,7,22,0,0,0,1,0.72,0.697,0.74,0.1045,2012,7,6,4.875197323201151
3,1,7,16,0,1,1,3,0.76,0.7273,0.66,0.5770170000000012,2012,7,0,5.958424693029782
3,1,7,8,0,2,1,2,0.8,0.7576,0.55,0.0,2012,7,1,6.495265555937008
3,1,7,21,0,2,1,1,0.82,0.7727,0.52,0.1343,2012,7,1,5.811140992976701
3,1,7,12,0,3,1,1,0.88,0.8636,0.37,0.1343,2012,7,2,5.313205979041787
3,1,7,20,0,3,1,1,0.74,0.6818,0.62,0.0896,2012,7,2,5.905361848054571
3,1,7,16,0,4,1,1,0.84,0.7727,0.47,0.0896,2012,7,3,5.883322388488279
3,1,7,16,0,6,0,3,0.6,0.5455,0.88,0.194,2012,7,5,5.7899601708972535
3,1,7,21,0,6,0,2,0.6,0.5455,0.88,0.1642,2012,7,5,5.099866427824199
3,1,7,21,0,1,1,1,0.76,0.7121,0.62,0.194,2012,7,0,5.6937321388027
3,1,7,4,0,0,0,1,0.64,0.6061,0.69,0.194,2012,7,6,2.6390573296152584
3,1,7,8,0,0,0,1,0.7,0.6515,0.65,0.2239,2012,7,6,4.852030263919617
3,1,7,18,0,0,0,1,0.8,0.7121,0.41,0.2985,2012,7,6,6.040254711277414
3,1,7,13,0,1,1,1,0.8,0.7424,0.49,0.1642,2012,7,0,5.424950017481403
3,1,7,8,0,2,1,1,0.7,0.6667,0.79,0.1343,2012,7,1,6.634633357861686
3,1,8,9,0,3,1,2,0.68,0.6364,0.74,0.0896,2012,8,2,5.860786223465865
3,1,8,13,0,3,1,1,0.8,0.7424,0.52,0.1642,2012,8,2,5.638354669333745
3,1,8,23,0,4,1,1,0.72,0.6818,0.7,0.2537,2012,8,3,5.181783550292085
3,1,8,0,0,5,1,1,0.72,0.6818,0.7,0.194,2012,8,4,4.276666119016055
3,1,8,11,0,0,0,1,0.82,0.7879,0.56,0.4179,2012,8,6,6.082218910376446
3,1,8,5,0,1,1,1,0.7,0.6667,0.79,0.194,2012,8,0,3.258096538021482
3,1,8,23,0,1,1,1,0.72,0.697,0.74,0.194,2012,8,0,4.736198448394496
3,1,8,16,0,2,1,3,0.76,0.7273,0.66,0.2836,2012,8,1,6.100318952020064
3,1,8,2,0,4,1,1,0.7,0.6667,0.84,0.0896,2012,8,3,2.70805020110221
3,1,8,18,0,6,0,2,0.7,0.6667,0.74,0.2985,2012,8,5,5.707110264748875
3,1,8,21,0,6,0,2,0.66,0.5909,0.89,0.1642,2012,8,5,4.859812404361672
3,1,8,2,0,1,1,1,0.64,0.6061,0.69,0.1045,2012,8,0,2.302585092994046
3,1,8,18,0,5,1,2,0.82,0.2424,0.38,0.2537,2012,8,4,6.507277712385012
3,1,8,4,0,6,0,1,0.62,0.5909,0.73,0.2239,2012,8,5,2.6390573296152584
3,1,8,8,0,893,0,2,0.64,0.6061,0.69,0.1045,2012,8,6,4.8283137373023015
3,1,8,15,0,2,1,1,0.76,0.6667,0.37,0.0,2012,8,1,5.713732805509369
3,1,8,10,0,3,1,989,0.7,0.6515,0.61,0.0896,2012,8,2,5.420534999272286
3,1,8,0,0,4,1,1,0.64,0.5909,0.78,0.0,2012,8,3,4.110873864173311
3,1,8,3,0,5,1,1,0.64,0.6061,0.73,0.0,2012,8,4,2.1972245773362196
3,1,8,12,0,0,0,3,0.72,0.697,0.74,0.3582,2012,8,6,6.440946540632921
3,1,8,21,0,0,0,1,0.64,0.5758,0.83,0.1343,2012,8,6,5.117993812416755
528,1,8,2,0,1,1,1,0.62,0.5606,0.88,0.1343,2012,8,0,2.1972245773362196
3,1,8,10,0,2,1,1,0.74,0.6818,0.62,0.2537,2012,8,1,5.3230099791384085
3,1,9,21,0,6,0,3,0.64,0.5758,0.89,0.0,2012,9,5,4.653960350157523
3,1,9,23,0,6,0,1,0.66,0.5909,0.89,0.0896,2012,9,5,4.983606621708336
3,1,9,9,0,3,1,1,0.74,0.697,0.7,0.2537,2012,9,2,5.673323267171493
3,1,9,2,0,5,1,1,0.62,0.5758,0.83,0.0896,2012,9,4,2.4849066497880004
3,1,9,3,0,5,1,1,0.62,0.5758,0.83,0.0896,2012,9,4,2.302585092994046
3,1,9,12,0,0,0,1,0.66,0.6212,0.47,0.0,2012,9,6,6.630683385642372
3,1,9,23,0,1,1,1,0.54,0.5152,0.52,0.0,2012,9,0,4.543294782270004
3,1,9,16,0,4,1,1,0.72,0.6515,0.39,0.0896,2012,9,3,6.198478716492308
3,1,9,23,0,5,1,1,0.62,0.5909,0.78,0.0896,2012,9,4,5.278114659230517
3,1,9,23,0,6,0,1,0.54,0.5152,0.6,0.0,2012,9,5,5.438079308923196
3,1,9,2,0,1,1,1,0.52,0.5,0.72,0.0,2012,9,0,2.6390573296152584
3,1,9,4,0,3,1,2,0.52,0.5,0.68,0.3582,2012,9,2,2.3978952727983707
3,1,9,6,0,4,1,1,0.44,0.4394,0.77,0.0,2012,9,3,5.14166355650266
3,1,9,7,0,4,1,1,0.46,0.4545,0.82,0.1045,2012,9,3,6.282266746896006
3,1,9,9,0,5,1,1,0.58,0.5455,0.68,0.1343,2012,9,4,5.950642552587727
3,1,9,23,0,6,0,1,0.62,0.6212,0.5,0.194,2012,9,5,5.147494476813453
4,1,9,8,0,258,1,1,0.56,0.5303,0.73,0.2985,2012,9,2,6.732210706467206
4,1,9,10,0,4,1,2,0.7,0.6515,0.51,0.2836,2012,9,3,5.342334251964811
4,1,9,13,0,4,1,2,0.74,0.6667,0.48,0.0,2012,9,3,5.7899601708972535
4,1,9,8,0,355,1,1,0.6,0.5606,0.83,0.0896,2012,9,4,6.559615237493242
4,1,9,7,0,6,0,1,0.48,0.4697,0.67,0.2836,2012,9,5,4.30406509320417
4,1,9,1,0,0,0,1,0.5,0.4848,0.59,0.0,2012,9,6,4.762173934797756
4,1,978,10,0,0,0,1,0.58,0.5455,0.46,0.1642,2012,9,6,6.173786103901937
4,1,10,8,0,3,1,2,0.62,0.5606,0.88,0.1045,2012,10,2,6.697034247666484
4,1,10,12,0,3,1,2,0.7,0.6515,0.7,0.1045,2012,10,2,5.883322388488279
4,1,10,1,0,4,1,2,0.62,0.5455,0.94,0.0,2012,10,3,3.258096538021482
4,1,10,2,0,4,1,1,0.64,0.5758,0.89,0.0,2012,10,3,2.6390573296152584
4,1,10,8,0,5,1,1,0.58,0.5455,0.64,0.0,2012,10,4,6.666956792429207
4,1,10,9,0,5,1,1,0.6,0.6061,0.6,0.0896,2012,10,4,5.953243334287785
4,1,10,8,0,6,0,1,0.56,0.5303,0.83,0.194,2012,10,5,5.332718793265369
4,1,10,15,0,6,0,1,0.6,0.6212,0.46,0.4179,2012,10,5,6.431331081933479
4,1,636,8,0,2,1,2,0.42,0.4242,0.8,0.194,2012,10,1,6.570882962339584
4,1,10,17,0,2,62,2,0.52,0.5,0.68,0.1642,2012,10,1,6.693323668269949
4,1,10,10,0,6,0,1,0.4,0.4091,0.43,0.0,2012,10,5,5.8522024797744745
4,1,10,22,0,6,0,1,0.4,0.4091,0.62,0.0,2012,10,5,5.247024072160486
4,1,10,8,0,0,0,1,0.44,0.4394,0.77,0.194,2012,10,6,4.890349128221754
4,1,10,9,0,0,0,2,0.48,0.4697,0.67,0.2836,2012,10,6,5.4116460518550396
4,1,10,2,0,3,1,1,0.38,0.3939,0.76,0.0,2012,10,2,2.833213344056216
4,1,10,20,0,2,1,1,0.58,0.5455,0.64,0.1343,2012,10,1,5.940171252720432
4,1,10,18,0,3,1,1,0.66,0.6212,0.44,0.0,2012,10,2,6.755768921984255
4,1,10,382,0,4,1,2,0.52,0.5,0.88,0.1343,2012,10,3,5.605802066295998
4,1,10,4,0,5,1,2,0.52,0.5,0.88,0.1642,2012,10,4,1.791759469228055
4,1,10,15,0,5,1,2,0.62,0.6061,0.61,0.1045,2012,10,4,6.1070228877422545
4,1,10,4,0,6,0,2,0.5,0.4848,0.88,0.1642,2012,10,5,2.6390573296152584
272,1,10,20,0,6,0,2,0.52,0.5,0.72,0.2239,2012,10,5,5.6937321388027
132,1,10,4,0,0,0,2,0.5,0.4848,0.63,0.3582,2012,10,6,3.044522437723423
4,1,10,13,0,2,1,3,0.3,0.2727,0.81,0.3582,2012,10,1,4.762173934797756
4,1,11,16,0,4,1,124,0.4,0.4091,0.54,0.1642,2012,11,3,5.84354441703136
4,1,11,6,0,5,1,1,0.3,0.303,0.7,0.1642,2012,11,4,4.812184355372417
4,1,11,21,0,5,1,2,0.36,0.3333,0.46,0.3582,2012,11,4,5.056245805348308
4,1,11,5,0,6,0,2,0.32,0.303,0.49,0.2537,2012,11,5,2.302585092994046
4,1,11,14,0,1,1,1,0.38,0.3939,0.4,0.1642,2012,11,0,5.2832037287379885
4,1,11,17,0,4,1,1,0.4,0.4091,0.23170000000000002,0.2985,2012,11,3,6.385194398997726
4,1,11,5,0,5,1,1,0.3,0.2879,0.56,0.194,2012,11,4,3.332204510175204
4,1,11,6,0,5,1,1,0.26,0.2727,0.65,0.1045,2012,11,4,4.882801922586371
4,1,11,14,0,6,0,1,0.54,0.5152,0.37,0.0,2012,11,5,6.4425401664681985
4,1,11,15,0,0,0,1,0.56,0.5303,0.37,0.2239,2012,11,6,6.586171654854675
4,1,11,20,1,1,0,2,0.52,0.5,0.77,0.2836,2012,11,0,5.720311776607412
4,1,11,13,0,2,1,1,0.34,0.3182,0.53,0.2537,2012,11,1,5.389071729816501
60,1,11,0,0,4,1,2,0.26,0.303,0.65,0.0,2012,11,3,3.5553480614894135
4,1,11,9,0,4,1,2,0.32,0.3182,0.61,0.194,2012,11,3,5.780743515792329
4,1,11,22,0,522,0,2,0.32,0.3333,0.57,0.1045,2012,11,5,4.983606621708336
4,1,11,18,0,0,0,1,0.36,0.3485,0.66,0.2239,2012,11,6,5.6240175061873385
4,1,11,20,0,0,0,1,0.36,0.3485,0.66,0.1642,2012,11,6,4.867534450455582
4,1,11,1,0,1,1,2,0.36,0.3485,0.66,0.2239,2012,11,0,2.995732273553991
4,1,11,9,0,1,1,2,0.36,0.3333,0.66,0.2537,2012,11,0,5.631211781821365
4,1,11,14,0,1,1,1,0.44,0.4394,0.54,0.2537,2012,11,0,5.384495062789089
4,1,11,23,0,2,1,1,0.32,0.3333,0.81,0.1045,2012,11,1,4.430816798843313
4,1,11,13,0,353,1,1,0.44,0.4394,0.35,0.2239,2012,11,2,5.902633333401366
4,1,11,3,1,4,0,1,0.24,0.2576,0.75,0.1045,2012,11,3,1.9459101490553132
4,1,11,18,0,5,1,2,0.46,0.4545,0.44,0.0,2012,11,4,5.342334251964811
4,1,11,5,0,0,0,2,0.22,0.2273,0.47,0.1642,2012,11,6,1.3862943611198906
4,1,11,16,0,0,0,1,0.3,0.2879,0.39,0.2239,2012,11,6,5.43372200355424
4,1,11,21,0,1,1,1,0.34,0.3636,0.49,0.0,2012,11,0,5.204006687076795
4,1,11,0,0,4,1,1,0.24,0.2576,0.56,0.0896,2012,11,3,3.4011973816621555
4,1,11,21,0,4,1,1,0.26,0.2727,0.65,0.1343,2012,11,3,5.342334251964811
4,1,11,20,0,5,1,1,0.32,0.3485,0.66,0.0,2012,11,4,5.5053315359323625
4,1,12,14,0,6,0,2,0.36,0.3788,0.71,0.0,2012,12,5,6.173786103901937
4,1,12,12,0,1,1,1,0.52,0.5,0.68,0.1642,2012,12,0,5.594711379601839
4,1,12,19,0,1,1,1,0.5,0.4848,0.68,0.0896,2012,12,0,6.156978985585555
4,1,12,9,0,2,1,1,0.46,0.4545,0.82,0.1045,2012,12,1,5.820082930352362
4,1,12,2,0,3,1,1,0.46,8.448566000000374,0.67,0.1642,2012,12,2,2.302585092994046
4,1,12,10,0,5,1,2,0.32,0.3182,0.76,0.1642,2012,12,4,5.117993812416755
4,1,12,5,0,6,0,2,0.36,0.3636,0.93,0.1045,2012,12,5,1.9459101490553132
4,1,12,6,0,6,0,2,0.36,0.3636,0.93,0.1045,2012,12,5,3.044522437723423
4,1,12,21,0,6,0,2,0.36,0.3788,1.0,0.0,2012,12,5,8.925986089617076
4,1,12,1,0,0,0,2,0.4,0.4091,0.87,0.1045,2012,12,6,4.634728988229636
4,1,12,13,0,0,0,2,0.38,0.3939,0.87,0.2836,2012,12,6,5.655991810819852
4,1,12,14,0,1,1,2,0.5,0.4848,0.94,0.2239,2012,12,0,5.351858133476067
4,1,12,20,0,2,1,1,0.32,0.303,0.53,0.2239,2012,12,1,5.552959584921617
4,1,12,4,0,4,1,2,0.26,0.2576,0.56,0.194,2012,12,3,2.1972245773362196
4,1,12,10,0,5,1,1,0.26,0.2576,0.81,0.194,2012,12,4,5.25227342804663
4,1,12,16,0,5,1,1,0.38,0.3939,0.54,0.194,2012,12,4,6.035481432524756
4,1,12,17,0,5,1,1,0.34,0.3333,0.57,0.1642,2012,12,4,6.434546518787453
4,1,12,5,0,6,0,2,0.26,0.303,0.75,0.0,2012,12,5,1.3862943611198906
4,1,12,11,0,6,0,1,0.34,0.3485,0.61,0.0896,2012,12,5,5.976350909297934
4,1,12,19,0,6,0,1,0.36,0.3485,0.62,0.1343,2012,12,5,5.552959584921617
4,61,12,23,0,0,0,2,0.36,0.3485,0.93,0.1343,2012,12,6,3.5263605246161616
4,1,12,15,0,1,1,2,0.42,0.4242,0.88,0.0,2012,12,0,5.356586274672012
4,1,12,7,0,2,516,1,0.36,0.3485,0.93,0.1343,2012,12,1,5.87493073085203
4,1,12,7,0,3,1,1,0.26,0.2727,0.75,0.1343,2012,12,2,5.8971538676367405
1,1,12,4,0,5,1,2,0.36,0.3182,0.71,0.4925,2012,12,4,1.9459101490553132
1,1,12,9,0,5,1,2,0.32,0.2727,0.45,0.5522,2012,12,4,5.5909869805108565
1,1,12,9,0,0,0,1,0.2,0.2273,0.59,0.1045,2012,12,6,4.04305126783455
1,1,12,22,0,0,0,1,0.24,0.2576,0.6,0.1045,2012,12,6,4.07753744390572
1,1,12,9,0,1,1,2,0.24,0.2576,0.65,0.1045,2012,12,0,4.454347296253507
1,1,12,4,1,2,0,2,0.24,0.2576,0.87,0.0896,2012,12,1,0.6931471805599453
1,1,12,10,1,2,0,1,0.28,0.3182,0.81,0.0,2012,12,1,3.4965075614664802
1,1,12,11,1,2,0,1,0.3,0.3182,0.75,0.0896,2012,12,1,4.465908118654584
1,1,12,2,0,3,1,2,0.26,0.2273,0.65,0.2985,2012,12,2,0.6931471805599453
1,1,12,4,0,3,1,1,0.22,0.197,0.69,0.3582,2012,12,2,1.0986122886681098
1,1,12,23,0,3,1,3,0.26,0.2273,0.87,0.2985,2012,12,2,2.3978952727983707
1,1,12,17,0,5,1,1,0.24,0.2424,0.6,0.1343,2012,12,4,5.605802066295998
1,1,12,8,0,6,0,2,0.26,0.2424,0.81,0.0,2012,12,5,3.8066624897703196
1,1,12,7,0,0,0,1,0.24,0.2121,0.56,0.3582,2012,12,6,2.6390573296152584
1,1,12,14,0,1,1,2,0.28,0.2727,0.45,0.2239,2012,12,0,5.5134287461649825
3,0,8,4,0,3,1,1,0.64,0.6061,0.73,0.0,2011,8,2,1.791759469228055
3,0,7,15,0,6,0,1,0.76,0.6818,0.45,0.3284,2011,7,5,6.061456918928017
1,1,1,9,0,4,1,2,0.22,0.2727,0.69,0.0,2012,1,3,5.429345628954441
1,0,2,8,0,3,1,3,0.22,0.2121,0.93,0.2239,2011,2,2,5.049856007249537
4,0,11,14,0,1,1,2,0.48,0.4697,0.82,0.194,2011,11,0,4.912654885736052
3,1,8,3,0,6,0,3,0.62,0.5758,0.83,0.1642,2012,8,5,3.091042453358316
4,1,11,11,0,2,1,3,0.3,0.2727,0.87,0.2985,2012,11,1,4.189654742026425
4,0,12,10,0,4,1,1,0.26,0.2273,0.52,0.3284,2011,12,3,4.709530201312334
4,1,12,23,0,1,1,1,0.46,0.4545,0.88,0.2537,2012,12,0,4.442651256490317
2,1,4,0,0,3,1,1,0.44,0.4394,0.38,0.0,2012,4,2,3.6109179126442243
4,1,11,22,0,1,1,1,0.32,0.3485,0.61,0.0,2012,11,0,4.653960350157523
2,0,5,23,0,5,1,1,0.58,0.5455,0.88,0.1343,2011,5,4,4.852030263919617
2,1,5,17,0,2,1,1,0.72,0.6667,0.54,0.0,2012,5,1,6.666956792429207
3,0,7,9,0,1,1,1,0.8,0.803,0.66,0.0,2011,7,0,4.912654885736052
4,0,11,20,0,3,1,1,0.36,0.3333,0.62,0.3881,2011,11,2,4.23410650459726
3,0,6,4,0,4,1,1,0.58,0.5455,0.64,0.1343,2011,6,3,1.9459101490553132
2,1,6,8,0,0,0,1,0.54,0.5152,0.6,0.0896,2012,6,6,4.948759890378168
4,0,10,23,0,1,1,1,0.46,0.4545,0.77,0.0896,2011,10,0,4.0943445622221
1,0,3,23,0,4,1,3,0.34,0.3485,0.23170000000000002,0.0896,2011,3,3,3.332204510175204
1,1,2,6,0,6,0,1,0.22,0.2273,0.87,0.1343,2012,2,5,1.791759469228055
